epoch,step,train/cardinality_error,train/cardinality_error_0,train/cardinality_error_1,train/cardinality_error_2,train/cardinality_error_3,train/cardinality_error_enc,train/class_error,train/loss,train/loss_bbox,train/loss_bbox_aux,train/loss_ce,train/loss_ce_aux,train/loss_giou,train/loss_giou_aux,train/loss_mask_ce,train/loss_mask_ce_aux,train/loss_mask_dice,train/loss_mask_dice_aux,train/lr,train/lr_max,train/lr_min,val/AP/expansion_fan,val/AP/shear_layer,val/AP/shock,val/F1,val/ema_AP/expansion_fan,val/ema_AP/shear_layer,val/ema_AP/shock,val/ema_mAP_50,val/ema_mAP_50_95,val/ema_mAP_75,val/ema_mAR,val/ema_segm_mAP_50,val/ema_segm_mAP_50_95,val/mAP_50,val/mAP_50_95,val/mAP_75,val/mAR,val/precision,val/recall,val/segm_mAP_50,val/segm_mAP_50_95
0,43,,,,,,,,,,,,,,,,,,,,,,0.9527559280395508,0.8408557176589966,0.8157578110694885,0.654321014881134,0.9527559280395508,0.8408557176589966,0.8157578110694885,0.9501236081123352,0.8697898387908936,0.9495039582252502,0.9839583039283752,0.9140399694442749,0.6542924046516418,0.9501236081123352,0.8697898387908936,0.9495039582252502,0.9839583039283752,0.6504064798355103,0.6583333611488342,0.9140399694442749,0.6542924046516418
0,43,3.627840995788574,2.096590995788574,3.5511362552642822,3.6818182468414307,3.610795497894287,2.1676137447357178,72.62686920166016,25.449129104614258,0.05488719791173935,0.3888731896877289,1.0845370292663574,5.584244728088379,0.09588540345430374,0.6468960046768188,0.137640118598938,0.792492151260376,0.276570588350296,1.808495283126831,,,,,,,,,,,,,,,,,,,,,,,,
1,49,,,,,,,,,,,,,,,,,,,9.999999747378752e-05,9.999999747378752e-05,3.232564267818816e-06,,,,,,,,,,,,,,,,,,,,,
1,87,,,,,,,,,,,,,,,,,,,,,,0.9559799432754517,0.8652465343475342,0.884825587272644,0.9833333492279053,0.9592038989067078,0.889637291431427,0.9538933634757996,0.9992509484291077,0.9342448711395264,0.9992509484291077,0.9829166531562805,0.9775055646896362,0.7418950796127319,0.9992509484291077,0.9342448711395264,0.9992509484291077,0.9829166531562805,0.9833333492279053,0.9833333492279053,0.9775055646896362,0.7418950796127319
1,87,9.446022987365723,4.416193008422852,5.973011493682861,6.035511493682861,7.974431991577148,4.674715995788574,2.6857516765594482,15.99496841430664,0.04259509965777397,0.2518104314804077,0.7199153304100037,5.063141345977783,0.07253514975309372,0.43764370679855347,0.07029777765274048,0.3780193030834198,0.15036195516586304,0.9452260732650757,,,,,,,,,,,,,,,,,,,,,,,,
2,99,,,,,,,,,,,,,,,,,,,9.999999747378752e-05,9.999999747378752e-05,3.232564267818816e-06,,,,,,,,,,,,,,,,,,,,,
2,131,,,,,,,,,,,,,,,,,,,,,,0.9457769393920898,0.89139324426651,0.9609007835388184,0.9864158630371094,0.9323499798774719,0.893149197101593,0.9679081439971924,0.9987950921058655,0.9311357736587524,0.9976477026939392,0.9729166626930237,0.9797722697257996,0.7554274797439575,0.9987950921058655,0.9311357736587524,0.9976477026939392,0.9729166626930237,0.9874213933944702,0.9854166507720947,0.9797722697257996,0.7554274797439575
2,131,14.490056991577148,2.5241477489471436,7.3821024894714355,13.907670021057129,14.651988983154297,5.342329502105713,0.1551571786403656,13.69954776763916,0.041739389300346375,0.26025620102882385,0.3402273952960968,4.156651020050049,0.0698365792632103,0.44902193546295166,0.05964566394686699,0.3221719563007355,0.1327139288187027,0.8164634108543396,,,,,,,,,,,,,,,,,,,,,,,,
3,149,,,,,,,,,,,,,,,,,,,9.999999747378752e-05,9.999999747378752e-05,3.232564267818816e-06,,,,,,,,,,,,,,,,,,,,,
3,175,,,,,,,,,,,,,,,,,,,,,,0.9505177736282349,0.8934794664382935,0.9703785181045532,0.9813664555549622,0.9686856269836426,0.8938096761703491,0.9728488326072693,0.9999592304229736,0.9451147317886353,0.9995578527450562,0.9816666841506958,0.9739867448806763,0.7622089982032776,0.9999592304229736,0.9451147317886353,0.9995578527450562,0.9816666841506958,0.9794238805770874,0.9833333492279053,0.9739867448806763,0.7622089982032776
3,175,14.454545021057129,1.5198863744735718,10.086647987365723,15.035511016845703,14.693181991577148,5.380681991577148,0.11363618820905685,12.971445083618164,0.037480589002370834,0.262449711561203,0.285611629486084,3.77351450920105,0.06282858550548553,0.4459172189235687,0.054769840091466904,0.30644094944000244,0.12757788598537445,0.7902462482452393,,,,,,,,,,,,,,,,,,,,,,,,
4,199,,,,,,,,,,,,,,,,,,,9.999999747378752e-05,9.999999747378752e-05,3.232564267818816e-06,,,,,,,,,,,,,,,,,,,,,
4,219,,,,,,,,,,,,,,,,,,,,,,0.9595252275466919,0.9009777307510376,0.9762953519821167,0.9865005016326904,0.9503647685050964,0.9081457257270813,0.9797418117523193,0.9999794960021973,0.9460840821266174,0.9998162388801575,0.9693750143051147,0.9784635305404663,0.7600286602973938,0.9999794960021973,0.9460840821266174,0.9998162388801575,0.9693750143051147,0.9855072498321533,0.987500011920929,0.9784635305404663,0.7600286602973938
4,219,14.508522987365723,2.409090995788574,10.863636016845703,15.018465995788574,14.600852012634277,5.436079502105713,0.026223571971058846,12.476571083068848,0.03467998281121254,0.2602815330028534,0.2661154866218567,3.5707755088806152,0.05987788364291191,0.44026872515678406,0.05505705252289772,0.30525314807891846,0.12345189601182938,0.7491533756256104,,,,,,,,,,,,,,,,,,,,,,,,
5,249,,,,,,,,,,,,,,,,,,,9.999999747378752e-05,9.999999747378752e-05,3.232564267818816e-06,,,,,,,,,,,,,,,,,,,,,
5,263,,,,,,,,,,,,,,,,,,,,,,0.9571249485015869,0.9129838943481445,0.9820041656494141,0.9874213933944702,0.9638850688934326,0.9178221225738525,0.9842665195465088,0.9996964931488037,0.9553245902061462,0.9996351003646851,0.9750000238418579,0.9789804816246033,0.7592188119888306,0.9996964931488037,0.9553245902061462,0.9996351003646851,0.9750000238418579,0.9894514679908752,0.9854166507720947,0.9789804816246033,0.7592188119888306
5,263,14.387784004211426,2.356534004211426,12.545454978942871,15.403409004211426,14.565340995788574,6.0625,0.12966181337833405,11.97353744506836,0.03625461831688881,0.27482080459594727,0.2600749433040619,3.3996469974517822,0.06130075082182884,0.46304166316986084,0.04886871203780174,0.27193495631217957,0.1165156289935112,0.7046304941177368,,,,,,,,,,,,,,,,,,,,,,,,
6,299,,,,,,,,,,,,,,,,,,,9.999999747378752e-05,9.999999747378752e-05,3.232564267818816e-06,,,,,,,,,,,,,,,,,,,,,
6,307,,,,,,,,,,,,,,,,,,,,,,0.9621233940124512,0.9253946542739868,0.9841841459274292,0.9855072498321533,0.960361659526825,0.9329672455787659,0.9841017723083496,0.999918520450592,0.9591435790061951,0.999918520450592,0.9847916960716248,0.981383204460144,0.7764758467674255,0.999918520450592,0.9591435790061951,0.999918520450592,0.9847916960716248,0.9835391044616699,0.987500011920929,0.981383204460144,0.7764758467674255
6,307,14.4375,3.8039772510528564,13.752840995788574,15.044034004211426,14.598011016845703,8.407670021057129,0.06992994993925095,11.857624053955078,0.0365767665207386,0.26821744441986084,0.24252761900424957,3.3503663539886475,0.05982786789536476,0.4511048197746277,0.047488655894994736,0.27269256114959717,0.1161736324429512,0.7074244022369385,,,,,,,,,,,,,,,,,,,,,,,,
7,349,,,,,,,,,,,,,,,,,,,9.999999747378752e-05,9.999999747378752e-05,3.232564267818816e-06,,,,,,,,,,,,,,,,,,,,,
7,351,,,,,,,,,,,,,,,,,,,,,,0.9648339748382568,0.9425376653671265,0.9851092100143433,0.987500011920929,0.969306230545044,0.9521081447601318,0.9861165881156921,1.0,0.9691770076751709,1.0,0.9881250262260437,0.9780848026275635,0.7830621004104614,1.0,0.9691770076751709,1.0,0.9881250262260437,0.987500011920929,0.987500011920929,0.9780848026275635,0.7830621004104614
7,351,14.431818008422852,2.7613637447357178,13.707386016845703,15.345170021057129,14.579545021057129,10.607954978942871,0.10926563292741776,11.267547607421875,0.03307716175913811,0.25681447982788086,0.23813913762569427,3.1270880699157715,0.05611466243863106,0.43366318941116333,0.04626103863120079,0.26748353242874146,0.11031042784452438,0.6706066131591797,,,,,,,,,,,,,,,,,,,,,,,,
8,395,,,,,,,,,,,,,,,,,,,,,,0.9662176370620728,0.9422231912612915,0.9870280027389526,0.9843260049819946,0.9631289839744568,0.932338297367096,0.9879394769668579,0.9998807311058044,0.9611355662345886,0.999574601650238,0.9829166531562805,0.9775041341781616,0.7806193828582764,0.9998807311058044,0.9611355662345886,0.999574601650238,0.9829166531562805,0.9853249192237854,0.9833333492279053,0.9775041341781616,0.7806193828582764
8,395,14.319602012634277,4.313920497894287,13.995738983154297,15.109375,14.404829978942871,14.119318008422852,0.28190547227859497,11.722095489501953,0.03500049188733101,0.27358278632164,0.2430192083120346,3.0630648136138916,0.0603463314473629,0.4550006687641144,0.05176329240202904,0.295928031206131,0.11627862602472305,0.7045101523399353,,,,,,,,,,,,,,,,,,,,,,,,
9,399,,,,,,,,,,,,,,,,,,,9.999999747378752e-05,9.999999747378752e-05,3.232564267818816e-06,,,,,,,,,,,,,,,,,,,,,
9,439,,,,,,,,,,,,,,,,,,,,,,0.9692661166191101,0.9340393543243408,0.9875928163528442,0.9832285046577454,0.9754032492637634,0.9357403516769409,0.9872460961341858,1.0,0.9661298990249634,0.9991266131401062,0.9860416650772095,0.9760686755180359,0.7782294750213623,1.0,0.9661298990249634,0.9991266131401062,0.9860416650772095,0.9852320551872253,0.981249988079071,0.9760686755180359,0.7782294750213623
9,439,14.325284004211426,2.5866477489471436,13.619318008422852,14.975852012634277,14.428977012634277,12.392045021057129,0.09615356475114822,11.389963150024414,0.037327900528907776,0.27972176671028137,0.2560640573501587,3.1230554580688477,0.0613289512693882,0.45778587460517883,0.04529052600264549,0.2571825683116913,0.1089349314570427,0.6660643815994263,,,,,,,,,,,,,,,,,,,,,,,,
10,449,,,,,,,,,,,,,,,,,,,9.999999747378752e-05,9.999999747378752e-05,3.232564267818816e-06,,,,,,,,,,,,,,,,,,,,,
10,483,,,,,,,,,,,,,,,,,,,,,,0.9716824293136597,0.9429752826690674,0.9863449335098267,0.987500011920929,0.9679616093635559,0.9502101540565491,0.9854437708854675,1.0,0.9678718447685242,0.9994285106658936,0.9852083325386047,0.9791702628135681,0.7783282995223999,1.0,0.9678718447685242,0.9994285106658936,0.9852083325386047,0.987500011920929,0.987500011920929,0.9791702628135681,0.7783282995223999
10,483,14.360795021057129,2.9375,14.004261016845703,14.948863983154297,14.444602012634277,13.913352012634277,0.03642173111438751,11.079297065734863,0.033539462834596634,0.2756493389606476,0.22904272377490997,2.926130533218384,0.05574728175997734,0.4493556320667267,0.04406557232141495,0.25132665038108826,0.10932853817939758,0.6688740253448486,,,,,,,,,,,,,,,,,,,,,,,,
11,499,,,,,,,,,,,,,,,,,,,9.999999747378752e-05,9.999999747378752e-05,3.232564267818816e-06,,,,,,,,,,,,,,,,,,,,,
11,527,,,,,,,,,,,,,,,,,,,,,,0.966971755027771,0.9543160200119019,0.9825400710105896,0.987500011920929,0.9659819602966309,0.9584218263626099,0.9796363711357117,1.0,0.968013346195221,0.9973160028457642,0.9862499833106995,0.9808733463287354,0.781684935092926,1.0,0.968013346195221,0.9973160028457642,0.9862499833106995,0.987500011920929,0.987500011920929,0.9808733463287354,0.781684935092926
11,527,14.350852012634277,2.4289772510528564,13.845170021057129,15.055397987365723,14.431818008422852,13.697443008422852,0.29720261693000793,11.153824806213379,0.03422074019908905,0.2741227447986603,0.24506835639476776,3.0572152137756348,0.05659162625670433,0.445497065782547,0.04527396336197853,0.26044961810112,0.10661571472883224,0.6487903594970703,,,,,,,,,,,,,,,,,,,,,,,,
12,549,,,,,,,,,,,,,,,,,,,9.999999747378752e-05,9.999999747378752e-05,3.232564267818816e-06,,,,,,,,,,,,,,,,,,,,,
12,571,,,,,,,,,,,,,,,,,,,,,,0.9703347086906433,0.9535650610923767,0.9826000928878784,0.987500011920929,0.9746874570846558,0.9487082958221436,0.9855638742446899,1.0,0.9696531891822815,0.9987613558769226,0.9852083325386047,0.9773675203323364,0.7843129634857178,1.0,0.9696531891822815,0.9987613558769226,0.9852083325386047,0.987500011920929,0.987500011920929,0.9773675203323364,0.7843129634857178
12,571,14.436079978942871,3.028409004211426,12.938920021057129,14.698863983154297,14.640625,14.021306991577148,0.20760466158390045,11.079511642456055,0.03418780490756035,0.28346699476242065,0.23948942124843597,2.976985216140747,0.05688042566180229,0.4591245651245117,0.04141810163855553,0.24455317854881287,0.10608713328838348,0.6564929485321045,,,,,,,,,,,,,,,,,,,,,,,,
13,599,,,,,,,,,,,,,,,,,,,9.999999747378752e-05,9.999999747378752e-05,3.232564267818816e-06,,,,,,,,,,,,,,,,,,,,,
13,615,,,,,,,,,,,,,,,,,,,,,,0.9748005867004395,0.9511166214942932,0.9866122007369995,0.9895833134651184,0.9749137163162231,0.9535249471664429,0.9876605272293091,1.0,0.9720330834388733,0.9986957907676697,0.9868749976158142,0.9809668660163879,0.7865927219390869,1.0,0.9720330834388733,0.9986957907676697,0.9868749976158142,0.9895833134651184,0.9895833134651184,0.9809668660163879,0.7865927219390869
13,615,14.403409004211426,6.401988506317139,14.541193008422852,15.311079978942871,14.528409004211426,14.109375,0.1309104859828949,10.50281047821045,0.02976054511964321,0.2561008036136627,0.21597923338413239,2.7329843044281006,0.049020420759916306,0.4207046329975128,0.040995869785547256,0.2364995926618576,0.10457229614257812,0.6549502015113831,,,,,,,,,,,,,,,,,,,,,,,,
14,649,,,,,,,,,,,,,,,,,,,9.999999747378752e-05,9.999999747378752e-05,3.232564267818816e-06,,,,,,,,,,,,,,,,,,,,,
14,659,,,,,,,,,,,,,,,,,,,,,,0.9750991463661194,0.9497590065002441,0.9832090735435486,0.9916666746139526,0.9752845764160156,0.9459930062294006,0.9787576198577881,1.0,0.9666783809661865,0.9977654814720154,0.9820833206176758,0.9862447381019592,0.791344165802002,1.0,0.9666783809661865,0.9977654814720154,0.9820833206176758,0.9916666746139526,0.9916666746139526,0.9862447381019592,0.791344165802002
14,659,14.359375,3.9318182468414307,14.941761016845703,14.90625,14.458806991577148,14.248579978942871,0.012487238273024559,10.79995059967041,0.03711613640189171,0.28673067688941956,0.22666949033737183,2.7505085468292236,0.05985800176858902,0.4559297561645508,0.0429876483976841,0.24591690301895142,0.10548463463783264,0.6400026679039001,,,,,,,,,,,,,,,,,,,,,,,,
15,699,,,,,,,,,,,,,,,,,,,9.999999747378752e-05,9.999999747378752e-05,3.232564267818816e-06,,,,,,,,,,,,,,,,,,,,,
15,703,,,,,,,,,,,,,,,,,,,,,,0.9788168668746948,0.9513067007064819,0.979949951171875,0.9895833134651184,0.982349157333374,0.9566203355789185,0.9811422228813171,1.0,0.9733706116676331,0.9975554347038269,0.9862499833106995,0.9847692847251892,0.7931886911392212,1.0,0.9733706116676331,0.9975554347038269,0.9862499833106995,0.9895833134651184,0.9895833134651184,0.9847692847251892,0.7931886911392212
15,703,14.380681991577148,7.268465995788574,13.264204978942871,15.130681991577148,14.455965995788574,14.350852012634277,-2.6009300313489803e-07,10.620918273925781,0.033951204270124435,0.2923213243484497,0.220988929271698,2.7083964347839355,0.05430793762207031,0.4536439776420593,0.04184424877166748,0.2390396147966385,0.10245304554700851,0.6255171298980713,,,,,,,,,,,,,,,,,,,,,,,,
16,747,,,,,,,,,,,,,,,,,,,,,,0.9809238910675049,0.9554260969161987,0.9798845648765564,0.9916666746139526,0.9794986248016357,0.9542319178581238,0.9786269068717957,1.0,0.9707857966423035,0.9961532354354858,0.987291693687439,0.9852764010429382,0.7927462458610535,1.0,0.9707857966423035,0.9961532354354858,0.987291693687439,0.9916666746139526,0.9916666746139526,0.9852764010429382,0.7927462458610535
16,747,14.355113983154297,6.333806991577148,13.649147987365723,14.667613983154297,14.440340995788574,14.174715995788574,0.00874111894518137,10.468313217163086,0.03638536110520363,0.28455859422683716,0.23512950539588928,2.6842124462127686,0.05818547308444977,0.4456733465194702,0.03895217925310135,0.23419250547885895,0.09952452033758163,0.6146373152732849,,,,,,,,,,,,,,,,,,,,,,,,
17,749,,,,,,,,,,,,,,,,,,,9.999999747378752e-05,9.999999747378752e-05,3.232564267818816e-06,,,,,,,,,,,,,,,,,,,,,
17,791,,,,,,,,,,,,,,,,,,,,,,0.9762226343154907,0.9577154517173767,0.9841344356536865,0.9895833134651184,0.9729465842247009,0.9611989855766296,0.9896420240402222,1.0,0.974595844745636,0.9988930225372314,0.9820833206176758,0.9823489785194397,0.7948015332221985,1.0,0.974595844745636,0.9988930225372314,0.9820833206176758,0.9895833134651184,0.9895833134651184,0.9823489785194397,0.7948015332221985
17,791,14.399147987365723,4.063920497894287,11.208806991577148,15.151988983154297,14.606534004211426,14.116477012634277,0.30812904238700867,11.1123046875,0.031269535422325134,0.278097540140152,0.2196117490530014,2.9741263389587402,0.052395518869161606,0.4517480134963989,0.04872641712427139,0.2667289972305298,0.10702402144670486,0.650209367275238,,,,,,,,,,,,,,,,,,,,,,,,
18,799,,,,,,,,,,,,,,,,,,,9.999999747378752e-05,9.999999747378752e-05,3.232564267818816e-06,,,,,,,,,,,,,,,,,,,,,
18,835,,,,,,,,,,,,,,,,,,,,,,0.9730573892593384,0.9610064029693604,0.9905977249145508,0.9895833134651184,0.9731681942939758,0.9608138799667358,0.9915534853935242,1.0,0.9751785397529602,0.9996538162231445,0.9835416674613953,0.9813376069068909,0.7896092534065247,1.0,0.9751785397529602,0.9996538162231445,0.9835416674613953,0.9895833134651184,0.9895833134651184,0.9813376069068909,0.7896092534065247
18,835,14.372159004211426,9.339488983154297,13.588068008422852,15.112215995788574,14.519886016845703,13.838068008422852,0.05244731903076172,10.8029146194458,0.0323052853345871,0.2698211371898651,0.21131901443004608,2.883802890777588,0.05173610523343086,0.4295896291732788,0.044214263558387756,0.25262388586997986,0.10586924105882645,0.644195020198822,,,,,,,,,,,,,,,,,,,,,,,,
19,849,,,,,,,,,,,,,,,,,,,9.999999747378752e-05,9.999999747378752e-05,3.232564267818816e-06,,,,,,,,,,,,,,,,,,,,,
19,879,,,,,,,,,,,,,,,,,,,,,,0.972648024559021,0.9609302282333374,0.9915276765823364,0.9895833134651184,0.9721278548240662,0.9610466361045837,0.9915019273757935,1.0,0.9748921394348145,0.9999592304229736,0.9862499833106995,0.9818633198738098,0.7932790517807007,1.0,0.9748921394348145,0.9999592304229736,0.9862499833106995,0.9895833134651184,0.9895833134651184,0.9818633198738098,0.7932790517807007
19,879,14.340909004211426,7.502840995788574,13.166193008422852,15.254261016845703,14.509943008422852,14.021306991577148,0.0764857605099678,10.221149444580078,0.028416095301508904,0.2399587780237198,0.19789935648441315,2.729936122894287,0.04879029840230942,0.39471861720085144,0.04178829491138458,0.23946493864059448,0.10316243022680283,0.6284681558609009,,,,,,,,,,,,,,,,,,,,,,,,
20,899,,,,,,,,,,,,,,,,,,,9.999999747378752e-05,9.999999747378752e-05,3.232564267818816e-06,,,,,,,,,,,,,,,,,,,,,
20,923,,,,,,,,,,,,,,,,,,,,,,0.9735124111175537,0.9665523767471313,0.9921958446502686,0.9895833134651184,0.974897027015686,0.9720580577850342,0.9928898215293884,1.0,0.9799482822418213,0.9999592304229736,0.9860416650772095,0.9834219217300415,0.7889873385429382,1.0,0.9799482822418213,0.9999592304229736,0.9860416650772095,0.9895833134651184,0.9895833134651184,0.9834219217300415,0.7889873385429382
20,923,14.383522987365723,6.832386493682861,14.561079978942871,15.017045021057129,14.478693008422852,13.866477012634277,-2.167441692790817e-07,9.888333320617676,0.02583615668118,0.23095865547657013,0.18304939568042755,2.731221914291382,0.04415439814329147,0.37983769178390503,0.03830477222800255,0.22188076376914978,0.09882001578807831,0.6094154119491577,,,,,,,,,,,,,,,,,,,,,,,,
21,949,,,,,,,,,,,,,,,,,,,9.999999747378752e-05,9.999999747378752e-05,3.232564267818816e-06,,,,,,,,,,,,,,,,,,,,,
21,967,,,,,,,,,,,,,,,,,,,,,,0.9741895794868469,0.965977668762207,0.992268443107605,0.9895833134651184,0.9734821319580078,0.9598972797393799,0.9916470050811768,1.0,0.9750087857246399,1.0,0.9860416650772095,0.9830887913703918,0.7894057035446167,1.0,0.9750087857246399,1.0,0.9860416650772095,0.9895833134651184,0.9895833134651184,0.9830887913703918,0.7894057035446167
21,967,14.353693008422852,9.072443008422852,14.600852012634277,15.026988983154297,14.414772987365723,14.092329978942871,0.13985981047153473,10.163285255432129,0.033569563180208206,0.2557946741580963,0.21743570268154144,2.6281979084014893,0.05499175563454628,0.4053008258342743,0.04133972153067589,0.236032634973526,0.1006525307893753,0.6120238900184631,,,,,,,,,,,,,,,,,,,,,,,,
22,999,,,,,,,,,,,,,,,,,,,9.999999747378752e-05,9.999999747378752e-05,3.232564267818816e-06,,,,,,,,,,,,,,,,,,,,,
22,1011,,,,,,,,,,,,,,,,,,,,,,0.9772140979766846,0.9598270058631897,0.9917698502540588,0.9916666746139526,0.9809461236000061,0.9597567319869995,0.9918926954269409,1.0,0.9775318503379822,0.999822199344635,0.9862499833106995,0.985930860042572,0.7918554544448853,1.0,0.9775318503379822,0.999822199344635,0.9862499833106995,0.9916666746139526,0.9916666746139526,0.985930860042572,0.7918554544448853
22,1011,14.400568008422852,5.441761493682861,14.809659004211426,15.247159004211426,14.447443008422852,14.362215995788574,0.0291372649371624,9.789389610290527,0.02783321775496006,0.23481816053390503,0.19498124718666077,2.5953903198242188,0.04533110931515694,0.37860628962516785,0.03882427513599396,0.22440050542354584,0.09824101626873016,0.6061128377914429,,,,,,,,,,,,,,,,,,,,,,,,
23,1049,,,,,,,,,,,,,,,,,,,9.999999747378752e-05,9.999999747378752e-05,3.232564267818816e-06,,,,,,,,,,,,,,,,,,,,,
23,1055,,,,,,,,,,,,,,,,,,,,,,0.9800091981887817,0.9622517228126526,0.9912717938423157,0.9896480441093445,0.9790723323822021,0.9647467136383057,0.9906508922576904,0.9998977780342102,0.9781566262245178,0.9994211792945862,0.9891666769981384,0.9843554496765137,0.7918299436569214,0.9998977780342102,0.9781566262245178,0.9994211792945862,0.9891666769981384,0.9876543283462524,0.9916666746139526,0.9843554496765137,0.7918299436569214
23,1055,14.359375,6.796875,14.769886016845703,15.240056991577148,14.426136016845703,14.181818008422852,0.017482150346040726,10.110716819763184,0.03176916390657425,0.24770645797252655,0.20948629081249237,2.6807034015655518,0.05242805555462837,0.4096122682094574,0.03816242888569832,0.2269088327884674,0.09860002994537354,0.6161419749259949,,,,,,,,,,,,,,,,,,,,,,,,
24,1099,,,,,,,,,,,,,,,,,,,9.999999747378752e-05,9.999999747378752e-05,3.232564267818816e-06,,,,,,,,,,,,,,,,,,,,,
24,1099,,,,,,,,,,,,,,,,,,,,,,0.976547360420227,0.9614394903182983,0.9911597967147827,0.9916666746139526,0.974022388458252,0.958132266998291,0.9916687607765198,1.0,0.9746078252792358,0.999764621257782,0.9860416650772095,0.986501932144165,0.7926437258720398,1.0,0.9746078252792358,0.999764621257782,0.9860416650772095,0.9916666746139526,0.9916666746139526,0.986501932144165,0.7926437258720398
24,1099,14.360795021057129,5.410511493682861,13.980113983154297,15.153409004211426,14.419034004211426,14.103693008422852,0.0072841644287109375,9.873702049255371,0.031765006482601166,0.25618427991867065,0.20633964240550995,2.6842706203460693,0.04986757040023804,0.40338534116744995,0.03641156852245331,0.21445871889591217,0.09420030564069748,0.5822969079017639,,,,,,,,,,,,,,,,,,,,,,,,
25,1143,,,,,,,,,,,,,,,,,,,,,,0.9799377918243408,0.9561748504638672,0.9915716052055359,0.9916666746139526,0.9858532547950745,0.9542174935340881,0.991474449634552,1.0,0.9771817326545715,0.9986755847930908,0.9900000095367432,0.9832896590232849,0.7941858172416687,1.0,0.9771817326545715,0.9986755847930908,0.9900000095367432,0.9916666746139526,0.9916666746139526,0.9832896590232849,0.7941858172416687
25,1143,14.40625,4.535511493682861,14.705965995788574,15.252840995788574,14.502840995788574,14.096590995788574,-2.167441692790817e-07,9.807002067565918,0.02881441079080105,0.23377838730812073,0.19292016327381134,2.675387382507324,0.04842502251267433,0.3854714632034302,0.038432493805885315,0.22429853677749634,0.09555451571941376,0.5933020114898682,,,,,,,,,,,,,,,,,,,,,,,,
26,1149,,,,,,,,,,,,,,,,,,,9.999999747378752e-05,9.999999747378752e-05,3.232564267818816e-06,,,,,,,,,,,,,,,,,,,,,
26,1187,,,,,,,,,,,,,,,,,,,,,,0.9810774922370911,0.9574167728424072,0.9919694662094116,0.9916666746139526,0.9763017296791077,0.9606159925460815,0.9924644827842712,1.0,0.9764607548713684,0.9999186396598816,0.9864583611488342,0.9841494560241699,0.7965294718742371,1.0,0.9764607548713684,0.9999186396598816,0.9864583611488342,0.9916666746139526,0.9916666746139526,0.9841494560241699,0.7965294718742371
26,1187,14.296875,5.643465995788574,14.546875,14.944602012634277,14.376420021057129,14.113636016845703,-8.669766771163268e-08,9.655123710632324,0.029702622443437576,0.2418612837791443,0.20062826573848724,2.644179105758667,0.04978283494710922,0.3974400460720062,0.035616207867860794,0.20757246017456055,0.09281789511442184,0.5756043791770935,,,,,,,,,,,,,,,,,,,,,,,,
27,1199,,,,,,,,,,,,,,,,,,,9.999999747378752e-05,9.999999747378752e-05,3.232564267818816e-06,,,,,,,,,,,,,,,,,,,,,
27,1231,,,,,,,,,,,,,,,,,,,,,,0.9790984392166138,0.9628461003303528,0.9922692775726318,0.9916666746139526,0.9818952083587646,0.965076208114624,0.9920741319656372,1.0,0.9796818494796753,1.0,0.9864583611488342,0.9842182993888855,0.7948207855224609,1.0,0.9796818494796753,1.0,0.9864583611488342,0.9916666746139526,0.9916666746139526,0.9842182993888855,0.7948207855224609
27,1231,14.400568008422852,6.389204502105713,14.791193008422852,14.818181991577148,14.448863983154297,14.538352012634277,0.087412528693676,9.821198463439941,0.03175768628716469,0.2702806293964386,0.20747514069080353,2.638596773147583,0.052053309977054596,0.42508116364479065,0.036342743784189224,0.21221771836280823,0.09118721634149551,0.5623852610588074,,,,,,,,,,,,,,,,,,,,,,,,
28,1249,,,,,,,,,,,,,,,,,,,9.999999747378752e-05,9.999999747378752e-05,3.232564267818816e-06,,,,,,,,,,,,,,,,,,,,,
28,1275,,,,,,,,,,,,,,,,,,,,,,0.9798225164413452,0.9647943377494812,0.9931130409240723,0.9916666746139526,0.9777498841285706,0.9645124673843384,0.9941518902778625,1.0,0.9788047671318054,0.9999592304229736,0.9883333444595337,0.983851969242096,0.796359658241272,1.0,0.9788047671318054,0.9999592304229736,0.9883333444595337,0.9916666746139526,0.9916666746139526,0.983851969242096,0.796359658241272
28,1275,14.366477012634277,5.630681991577148,14.353693008422852,14.840909004211426,14.460227012634277,14.5,0.014568459242582321,9.966110229492188,0.03227616846561432,0.25932934880256653,0.21830472350120544,2.6990678310394287,0.05288631096482277,0.41883623600006104,0.03672712668776512,0.21814723312854767,0.09400883316993713,0.5805699229240417,,,,,,,,,,,,,,,,,,,,,,,,
29,1299,,,,,,,,,,,,,,,,,,,9.999999747378752e-05,9.999999747378752e-05,3.232564267818816e-06,,,,,,,,,,,,,,,,,,,,,
29,1319,,,,,,,,,,,,,,,,,,,,,,0.9742709398269653,0.962119460105896,0.994377851486206,0.9906542301177979,0.9707920551300049,0.9597265124320984,0.9946038722991943,0.9999794960021973,0.9750407934188843,0.9999794960021973,0.98458331823349,0.9843498468399048,0.792048454284668,0.9999794960021973,0.9750407934188843,0.9999794960021973,0.98458331823349,0.9896480441093445,0.9916666746139526,0.9843498468399048,0.792048454284668
29,1319,14.375,6.715909004211426,14.659090995788574,15.102272987365723,14.501420021057129,14.184659004211426,-1.3004650156744901e-07,9.544513702392578,0.03150931000709534,0.2470073103904724,0.20179033279418945,2.5657169818878174,0.05174122750759125,0.40597665309906006,0.03472471609711647,0.20816022157669067,0.08884122967720032,0.5620714426040649,,,,,,,,,,,,,,,,,,,,,,,,
30,1349,,,,,,,,,,,,,,,,,,,9.999999747378752e-05,9.999999747378752e-05,3.232564267818816e-06,,,,,,,,,,,,,,,,,,,,,
30,1363,,,,,,,,,,,,,,,,,,,,,,0.9745153188705444,0.954857349395752,0.9932867288589478,0.9916666746139526,0.978238582611084,0.9499881863594055,0.991969645023346,1.0,0.9733988046646118,1.0,0.9854166507720947,0.9861288666725159,0.796518087387085,1.0,0.9733988046646118,1.0,0.9854166507720947,0.9916666746139526,0.9916666746139526,0.9861288666725159,0.796518087387085
30,1363,14.379261016845703,6.811079502105713,14.205965995788574,14.802556991577148,14.467329978942871,14.421875,-1.7339533542326535e-07,9.718350410461426,0.0315568670630455,0.25612351298332214,0.21155327558517456,2.5784265995025635,0.0523105151951313,0.41451331973075867,0.03618869557976723,0.2129139006137848,0.0919618159532547,0.5701995491981506,,,,,,,,,,,,,,,,,,,,,,,,
31,1399,,,,,,,,,,,,,,,,,,,9.999999747378752e-05,9.999999747378752e-05,3.232564267818816e-06,,,,,,,,,,,,,,,,,,,,,
31,1407,,,,,,,,,,,,,,,,,,,,,,0.9791097640991211,0.9565815925598145,0.9924198985099792,0.9916666746139526,0.9799808859825134,0.9631749391555786,0.9928701519966125,1.0,0.9786753058433533,1.0,0.9887499809265137,0.9856781363487244,0.7978541254997253,1.0,0.9786753058433533,1.0,0.9887499809265137,0.9916666746139526,0.9916666746139526,0.9856781363487244,0.7978541254997253
31,1407,14.409090995788574,10.134943008422852,14.103693008422852,14.934659004211426,14.453125,14.338068008422852,-1.7339533542326535e-07,9.81889533996582,0.03178521245718002,0.25875741243362427,0.21189461648464203,2.5136053562164307,0.05216141790151596,0.41389885544776917,0.036867860704660416,0.21526263654232025,0.09416274726390839,0.5954184532165527,,,,,,,,,,,,,,,,,,,,,,,,
32,1449,,,,,,,,,,,,,,,,,,,9.999999747378752e-05,9.999999747378752e-05,3.232564267818816e-06,,,,,,,,,,,,,,,,,,,,,
32,1451,,,,,,,,,,,,,,,,,,,,,,0.9781900644302368,0.9608364105224609,0.9940353035926819,0.9916666746139526,0.9763992428779602,0.9584978818893433,0.9952004551887512,1.0,0.97669917345047,1.0,0.987500011920929,0.9864108562469482,0.7991355061531067,1.0,0.97669917345047,1.0,0.987500011920929,0.9916666746139526,0.9916666746139526,0.9864108562469482,0.7991355061531067
32,1451,14.355113983154297,8.501420021057129,14.840909004211426,14.670454978942871,14.426136016845703,14.302556991577148,0.11363627761602402,9.533900260925293,0.02851298451423645,0.24429479241371155,0.20338483154773712,2.4264485836029053,0.04795994609594345,0.3985486924648285,0.0372944176197052,0.2166391909122467,0.09094942361116409,0.5845192670822144,,,,,,,,,,,,,,,,,,,,,,,,
33,1495,,,,,,,,,,,,,,,,,,,,,,0.9817314743995667,0.9579284191131592,0.9954822659492493,0.9916666746139526,0.9870637059211731,0.9573590159416199,0.9957640767097473,1.0,0.9800622463226318,1.0,0.9881250262260437,0.9859038591384888,0.7991719841957092,1.0,0.9800622463226318,1.0,0.9881250262260437,0.9916666746139526,0.9916666746139526,0.9859038591384888,0.7991719841957092
33,1495,14.350852012634277,7.900568008422852,15.129261016845703,15.329545021057129,14.392045021057129,14.335227012634277,-3.0344182277985965e-07,10.109033584594727,0.029675107449293137,0.23751749098300934,0.20430774986743927,2.4294538497924805,0.050788212567567825,0.39621105790138245,0.05041692033410072,0.28365957736968994,0.09962428361177444,0.6153610348701477,,,,,,,,,,,,,,,,,,,,,,,,
34,1499,,,,,,,,,,,,,,,,,,,9.999999747378752e-05,9.999999747378752e-05,3.232564267818816e-06,,,,,,,,,,,,,,,,,,,,,
34,1539,,,,,,,,,,,,,,,,,,,,,,0.9881385564804077,0.9574488401412964,0.9947291612625122,0.9916666746139526,0.9892134070396423,0.9575386643409729,0.9936941862106323,1.0,0.9801487326622009,1.0,0.9891666769981384,0.9866994619369507,0.7985197305679321,1.0,0.9801487326622009,1.0,0.9891666769981384,0.9916666746139526,0.9916666746139526,0.9866994619369507,0.7985197305679321
34,1539,14.377840995788574,7.4928975105285645,14.569602012634277,15.001420021057129,14.464488983154297,14.340909004211426,-2.6009300313489803e-07,9.525284767150879,0.028338609263300896,0.2312924712896347,0.20204754173755646,2.4806716442108154,0.049125075340270996,0.3891002833843231,0.036064792424440384,0.21474270522594452,0.09278262406587601,0.5900020003318787,,,,,,,,,,,,,,,,,,,,,,,,
35,1549,,,,,,,,,,,,,,,,,,,9.999999747378752e-05,9.999999747378752e-05,3.232564267818816e-06,,,,,,,,,,,,,,,,,,,,,
35,1583,,,,,,,,,,,,,,,,,,,,,,0.9888980984687805,0.962119996547699,0.9934829473495483,0.9916666746139526,0.9885827898979187,0.966701328754425,0.9932717680931091,1.0,0.9828519225120544,1.0,0.987708330154419,0.986167311668396,0.7988247871398926,1.0,0.9828519225120544,1.0,0.987708330154419,0.9916666746139526,0.9916666746139526,0.986167311668396,0.7988247871398926
35,1583,14.339488983154297,6.6164774894714355,14.401988983154297,15.045454978942871,14.379261016845703,14.428977012634277,0.14880920946598053,9.59378719329834,0.03131434693932533,0.24873408675193787,0.20869220793247223,2.5674335956573486,0.0522867888212204,0.40606316924095154,0.03533923998475075,0.2080191671848297,0.09112267941236496,0.5656624436378479,,,,,,,,,,,,,,,,,,,,,,,,
36,1599,,,,,,,,,,,,,,,,,,,9.999999747378752e-05,9.999999747378752e-05,3.232564267818816e-06,,,,,,,,,,,,,,,,,,,,,
36,1627,,,,,,,,,,,,,,,,,,,,,,0.9902997016906738,0.9634378552436829,0.994269847869873,0.9937499761581421,0.992016613483429,0.9601743817329407,0.9952678680419922,1.0,0.9824862480163574,1.0,0.9933333396911621,0.9903592467308044,0.8000615239143372,1.0,0.9824862480163574,1.0,0.9933333396911621,0.9937499761581421,0.9937499761581421,0.9903592467308044,0.8000615239143372
36,1627,14.367897987365723,5.681818008422852,14.313920021057129,15.009943008422852,14.448863983154297,14.073863983154297,-1.7339533542326535e-07,9.517821311950684,0.028128480538725853,0.2280377298593521,0.20217269659042358,2.4415063858032227,0.04848823323845863,0.3831075429916382,0.0371277891099453,0.21982869505882263,0.09487506747245789,0.5941933393478394,,,,,,,,,,,,,,,,,,,,,,,,
37,1649,,,,,,,,,,,,,,,,,,,9.999999747378752e-05,9.999999747378752e-05,3.232564267818816e-06,,,,,,,,,,,,,,,,,,,,,
37,1671,,,,,,,,,,,,,,,,,,,,,,0.9870783686637878,0.9608262777328491,0.9950119256973267,0.9916666746139526,0.9821401238441467,0.9614781141281128,0.9947560429573059,1.0,0.9794580936431885,1.0,0.9887499809265137,0.9855800867080688,0.8007163405418396,1.0,0.9794580936431885,1.0,0.9887499809265137,0.9916666746139526,0.9916666746139526,0.9855800867080688,0.8007163405418396
37,1671,14.413352012634277,8.860795021057129,14.227272987365723,14.904829978942871,14.481534004211426,14.558238983154297,-2.167441692790817e-07,9.410975456237793,0.026093315333127975,0.229606494307518,0.1875794529914856,2.4292097091674805,0.043625522404909134,0.3757612407207489,0.036371804773807526,0.2156122773885727,0.09411147236824036,0.589287519454956,,,,,,,,,,,,,,,,,,,,,,,,
38,1699,,,,,,,,,,,,,,,,,,,9.999999747378752e-05,9.999999747378752e-05,3.232564267818816e-06,,,,,,,,,,,,,,,,,,,,,
38,1715,,,,,,,,,,,,,,,,,,,,,,0.9845901727676392,0.9610800743103027,0.9956133365631104,0.9916666746139526,0.9870401620864868,0.9606820344924927,0.99647057056427,1.0,0.9813975691795349,1.0,0.9906250238418579,0.9852505922317505,0.7990738749504089,1.0,0.9813975691795349,1.0,0.9906250238418579,0.9916666746139526,0.9916666746139526,0.9852505922317505,0.7990738749504089
38,1715,14.407670021057129,5.5696024894714355,14.078125,14.896306991577148,14.498579978942871,14.313920021057129,-2.167441692790817e-07,9.191542625427246,0.024612905457615852,0.21829238533973694,0.1722405105829239,2.4026479721069336,0.04101972654461861,0.3570440113544464,0.03508282080292702,0.20626798272132874,0.09358644485473633,0.5862625241279602,,,,,,,,,,,,,,,,,,,,,,,,
39,1749,,,,,,,,,,,,,,,,,,,9.999999747378752e-05,9.999999747378752e-05,3.232564267818816e-06,,,,,,,,,,,,,,,,,,,,,
39,1759,,,,,,,,,,,,,,,,,,,,,,0.9867759943008423,0.961135745048523,0.9960706830024719,0.9916666746139526,0.986511766910553,0.961589515209198,0.9956707954406738,1.0,0.9812573790550232,1.0,0.9916666746139526,0.9852257966995239,0.7988924980163574,1.0,0.9812573790550232,1.0,0.9916666746139526,0.9916666746139526,0.9916666746139526,0.9852257966995239,0.7988924980163574
39,1759,14.380681991577148,8.987215995788574,14.721590995788574,14.680397987365723,14.440340995788574,14.595170021057129,0.03496486321091652,9.309037208557129,0.026547642424702644,0.2257782369852066,0.18100298941135406,2.359889268875122,0.043959226459264755,0.3658040165901184,0.03638733550906181,0.2161054164171219,0.09391598403453827,0.5909894108772278,,,,,,,,,,,,,,,,,,,,,,,,
